id,love,joy,surprise,anger,sadness,fear,notes,comment N,comment N-1,comment N-2,...,comment 2,comment1
41962,,,,,,,,I have fixed that issue by checking for a null before the line 95 of HtmlInputTextRenderer: writer.writeAttribute(HTML.VALUE_ATTR; value; JSFAttr.VALUE_ATTR); 'value' is null here when using jetty+JSF-RI.,,,,,
9485,,,,,,,,This appears to be a duplicate of XALANJ-2301. That bug report contains a one-line patch (supplied inline in the text of the bug report).,,,,,
45877,,,,,,,,Integrated in Thrift #426 (See https://builds.apache.org/job/Thrift/426/) THRIFT-1532/ THRIFT-1475 - fix record generation for erlang (Revision 1303663) Result = SUCCESS molinaro : http://svn.apache.org/viewvc/?view=rev&rev=1303663 Files : /thrift/trunk/compiler/cpp/src/generate/t_erl_generator.cc /thrift/trunk/lib/erl/Makefile.am /thrift/trunk/lib/erl/test/Thrift1475.thrift,,,,,
68305,,,,,,,,Updated the binding components' parent pom.xml http://svn.apache.org/viewvc?view=rev&revision=557983,,,,,
927,,,,,,,,The patch no longer applies. Abmar; can you take a look?,,,,,
76385,,x,,,,,,Cool. Thanks for considering my bug report!,,,,,
80924,,x,,,,,,The changes looks good for me. Reviewed with no commentaries.,,,,,
7665,x,x,,,,,,Verified; thanks.,,,,,
46878,,,,,,,,Bryan; I agree on the folder structure change. This surely will break existing code. For your other point; it isn't really necessary that's right but in my opinion it fits much better in the Rails 'convention over configuration' principle. FYI; we are using those changes successfully in all our thrift sub-projects (we are having 5 of them).,,,,,
8098,,,,,,,,*** Bug 9236 has been marked as a duplicate of this bug. ***,,,,,
5711,,,,,,,,Venu committed your patch. It's in Xerces 2.6.0. Please verify.,,,,,
29492,,,x,,,,,I think this should be fixed/changed for uima-base too. Is there a reason it wasn't?,,,,,
27430,,,,,,,,Looks solid. I'm okay with resolving this one.,,,,,
78211,,,,,,,,Also fixed in main 0.9.7 branch,,,,,
23357,,,,x,,,,It is just resolved in 2.0 and the changes for 1.x have been committed at the same moment. The dot: you'll find that the xml parser is not a general purpose xml parser complying to all details of xml. It doesn't have to. It just implements what is sufficient for Wicket. If only if there is a real need to implement an additional detail; than we'll do it. The dot; though in the spec; is nowhere used. So why bother and implement,,,,,
57099,,,,,x,,,After the changes the error no longer appears in nightly build results. Closing as Fixed.,,,,,
51694,,,,,,,,Yes; it's my mistake; I'm overlooked this property.,,,,,
57398,,,,,,,,Marking as Resolved in 4.2.0 ‰ÛÒ I couldn't reproduce it even there. Will close once we create a regression test; or a full-blown test for the utility.,,,,,
22097,,,,,,,,seems like all subtask as resolved,,,,,
33963,,,,,,,,Assign to 1.0 during tidy up prior to 1.1,,,,,
35079,,,,,,,,46fa49e75e79c4bf7351bbdc0653130f4e01dfb0 TS-1558: use_client_addr breaks control over upstream HTTP protocol version Thanks Uri!,,,,,
58874,,,,,,,,Committing to https://svn.apache.org/repos/asf/mina/sshd/trunk ... M sshd-core/src/main/java/org/apache/sshd/client/UserAuth.java M sshd-core/src/main/java/org/apache/sshd/client/auth/UserAuthAgent.java M sshd-core/src/main/java/org/apache/sshd/client/auth/UserAuthPassword.java M sshd-core/src/main/java/org/apache/sshd/client/auth/UserAuthPublicKey.java M sshd-core/src/main/java/org/apache/sshd/client/session/ClientSessionImpl.java M sshd-core/src/main/java/org/apache/sshd/common/Session.java M sshd-core/src/main/java/org/apache/sshd/common/session/AbstractSession.java M sshd-core/src/main/java/org/apache/sshd/server/FileSystemFactory.java M sshd-core/src/main/java/org/apache/sshd/server/FileSystemView.java M sshd-core/src/main/java/org/apache/sshd/server/channel/ChannelSession.java M sshd-core/src/main/java/org/apache/sshd/server/command/ScpCommand.java M sshd-core/src/main/java/org/apache/sshd/server/filesystem/NativeFileSystemFactory.java M sshd-core/src/main/java/org/apache/sshd/server/filesystem/NativeFileSystemView.java M sshd-core/src/main/java/org/apache/sshd/server/session/ServerSession.java Committed r1039541,,,,,
33026,,,,,,,,Closing because this has been in RESOLVED state for over one year; if it turns out to not be fixed please reopen.,,,,,
11718,,,,,,,,*** This bug has been marked as a duplicate of 6155 ***,,,,,
75762,,,,,,,,Hi Dave; åÊ I am not JIRA wise; I'll see if I can change the original; if not; I'll start a new thread. åÊ It worries me that the last binaries are two years old. It seems to say that nobody is using WS-RM; which I can understand. åÊ I will check with Axis2 1.5 before I update the JIRA. I won't check with 1.3; since I am using 1.4 features. åÊ Cheers; Patrice 21/09; Dave Parsons (JIRA) <jira@apache.org> wrote: From: Dave Parsons (JIRA) <jira@apache.org> Subject: [jira] Commented: (SANDESHA2-197) CreateSequence response is actually sent to the anonymous makeconnection url (i.e. http//:docs.oasis-open.org/..... ??? To: pnaubry@yahoo.com Date: Friday; August 21; 2009; 10:44 AM åÊ åÊ [ https://issues.apache.org/jira/browse/SANDESHA2-197?page=com.atlassian.jira.plugin.system.issuetabpanels:comment-tabpanel&focusedCommentId=12745856#action_12745856 ] Dave Parsons commented on SANDESHA2-197: ---------------------------------------- Hi Patrice; In fact you could use the JIRA you raised that started this discussion thread.åÊ It's probably worth changing the abstract to say that you are using Axis2 1.4 with Sandesha2 1.3 and that in this specific scenario (RM 1.1 with MakeConn) you are seeing the issue whereby the MakeConn anonymous address isn't being registered with Axis2 as an anonymous address so the createSeqResponse cannot be sent back to the client. Did you try the same scenario and get any success with Axis 1.3 or even Axis 1.5? Regards; Dave Dave Parsons Web Services Development INTERNAL:åÊ David Parsons1/UK/IBM@IBMGB :: DE3F20 :: 246930 EXTERNAL:åÊ ParsonsD@uk.ibm.com :: (01962) 816930 Mail Point 211; IBM Hursley Park; Winchester. SO21 2JN From: 'patrice aubry (JIRA)' <jira@apache.org> To: sandesha-dev@ws.apache.org Date: 21/08/2009 09:24 Subject: [jira] Commented: (SANDESHA2-197) CreateSequence response is actually sent to the anonymous makeconnection url (i.e. http//:docs.oasis-open.org/..... ??? åÊ åÊ [ https://issues.apache.org/jira/browse/SANDESHA2-197?page=com.atlassian.jira.plugin.system.issuetabpanels:comment-tabpanel&focusedCommentId=12745836#action_12745836 ] patrice aubry commented on SANDESHA2-197: ----------------------------------------- Hello Dave; Should I create a new issue stating that Sandesha2 does not work with Axis2 1.4 ? Thanks; Patrice --- On Thu; 8/20/09; Dave Parsons (JIRA) <jira@apache.org> wrote: From: Dave Parsons (JIRA) <jira@apache.org> Subject: [jira] Commented: (SANDESHA2-197) CreateSequence response is actually sent to the anonymous makeconnection url (i.e. http//:docs.oasis-open.org/..... ??? To: pnaubry@yahoo.com Date: Thursday; August 20; 2009; 5:23 PM åÊ åÊ [ https://issues.apache.org/jira/browse/SANDESHA2-197?page=com.atlassian.jira.plugin.system.issuetabpanels:comment-tabpanel&focusedCommentId=12745457#action_12745457 ] Dave Parsons commented on SANDESHA2-197: ---------------------------------------- Hi Patrice; Apologies I thought you were running Axis2 1.3 with Sandesha 1.3. Nevertheless I thought Sandesha 1.3 would work with Axis2 1.4; maybe it doesn't for the RM 1.1 scenario you are trying.åÊ You could try moving back to Axis 1.3. Regards Dave Dave Parsons Web Services Development INTERNAL:åÊ David Parsons1/UK/IBM@IBMGB :: DE3F20 :: 246930 EXTERNAL:åÊ ParsonsD@uk.ibm.com :: (01962) 816930 Mail Point 211; IBM Hursley Park; Winchester. SO21 2JN From: 'patrice aubry (JIRA)' <jira@apache.org> To: sandesha-dev@ws.apache.org Date: 19/08/2009 17:43 Subject: [jira] Commented: (SANDESHA2-197) CreateSequence response is actually sent to the anonymous makeconnection url (i.e. http//:docs.oasis-open.org/..... ??? åÊ åÊ [ https://issues.apache.org/jira/browse/SANDESHA2-197?page=com.atlassian.jira.plugin.system.issuetabpanels:comment-tabpanel&focusedCommentId=12745115#action_12745115 ] patrice aubry commented on SANDESHA2-197: ----------------------------------------- Hi Dave; The axis2.log I sent you was generated in debug mode. I don't know how to give you more than that. If you do; please let me know. Please answer the following question: Do you have a simple service/client pair that runs under V1_1åÊ with Axis2 1.4 ? I have suspicion that Sandesha2 does not work well (or at all)åÊ in V1_1 mode; at least with Axis2 1.4 Cheers; Patrice --- On Wed; 8/19/09; Dave Parsons (JIRA) <jira@apache.org> wrote: From: Dave Parsons (JIRA) <jira@apache.org> Subject: [jira] Commented: (SANDESHA2-197) CreateSequence response is actually sent to the anonymous makeconnection url (i.e. http//:docs.oasis-open.org/..... ??? To: pnaubry@yahoo.com Date: Wednesday; August 19; 2009; 3:00 PM åÊ åÊ [ https://issues.apache.org/jira/browse/SANDESHA2-197?page=com.atlassian.jira.plugin.system.issuetabpanels:comment-tabpanel&focusedCommentId=12745040#action_12745040 ] Dave Parsons commented on SANDESHA2-197: ---------------------------------------- Hi Patrice; My mistake; it is set by default.åÊ It all looks like your module.xml is correct.åÊ I think we need to get Axis2 & Sandesha trace so that we can see what's going on.åÊ I'd expect to see Axis2 register the MC annon EndPoint so that it sees it as an anonymous EndPoint.åÊ This obviously isn't happening and i'm not sure why as your setup seems sound. Could you collect this trace.åÊ I'd be happy to take a look. Dave Dave Parsons Web Services Development INTERNAL:åÊ David Parsons1/UK/IBM@IBMGB :: DE3F20 :: 246930 EXTERNAL:åÊ ParsonsD@uk.ibm.com :: (01962) 816930 Mail Point 211; IBM Hursley Park; Winchester. SO21 2JN From: 'patrice aubry (JIRA)' <jira@apache.org> To: sandesha-dev@ws.apache.org Date: 19/08/2009 08:41 Subject: [jira] Commented: (SANDESHA2-197) CreateSequence response is actually sent to the anonymous makeconnection url (i.e. http//:docs.oasis-open.org/..... ??? åÊ åÊ [ https://issues.apache.org/jira/browse/SANDESHA2-197?page=com.atlassian.jira.plugin.system.issuetabpanels:comment-tabpanel&focusedCommentId=12744941#action_12744941 ] patrice aubry commented on SANDESHA2-197: ----------------------------------------- Hi Dave; Here's my module.xml pulled straight out of the sandesha2-1.3.maråÊ and it has 1.1 enabled : ====================================== <module name='sandesha2' class='org.apache.sandesha2.SandeshaModule'> <Description> This module implements WS-ReliableMessaging for Axis2. This implements both the WSRM submitted spec and up to the version CD4 of the new WSRM 1.1 spec. </Description> <InFlow> <handler name='SandeshaGlobalInHandler' class='org.apache.sandesha2.handlers.SandeshaGlobalInHandler'> <!-- Global In handler should come before addressing dispatching --> <order phase='Dispatch' phaseFirst='true'/> </handler> <handler name='MessageContextCorrectionHandler' class='org.apache.sandesha2.handlers.MessageContextCorrectionHandler'> <!-- A handler which handle the duplicate messages --> <order phase='Transport'/> </handler> <handler name='SequenceIDDispatcher' class='org.apache.sandesha2.handlers.SequenceIDDispatcher'> <order phase='Addressing' before='AddressingBasedDispatcher' /> </handler> <handler name='SandeshaInHandler' class='org.apache.sandesha2.handlers.SandeshaInHandler'> <order phase='RMPhase'/> </handler> </InFlow> <OutFlow> <handler name='SandeshaOutHandler' class='org.apache.sandesha2.handlers.SandeshaOutHandler'> <order phase='RMPhase'/> </handler> </OutFlow> <InFaultFlow> <handler name='SandeshaGlobalInHandler' class='org.apache.sandesha2.handlers.SandeshaGlobalInHandler'> <!-- Global In handler should come before instance dispatching --> <order phase='Dispatch' before='InstanceDispatcher' /> </handler> <handler name='SandeshaInHandler' class='org.apache.sandesha2.handlers.SandeshaInHandler'> <order phase='RMPhase'/> </handler> </InFaultFlow> <OutFaultFlow> <handler name='SandeshaOutHandler' class='org.apache.sandesha2.handlers.SandeshaOutHandler'> <order phase='RMPhase'/> </handler> </OutFaultFlow> <operation name='Sandesha2OperationInOnly' mep=' http://www.w3.org/2006/01/wsdl/in-only'> <messageReceiver class='org.apache.sandesha2.msgreceivers.RMMessageReceiver'/> <!-- namespaces for the 2005-02 spec --> <actionMapping> http://schemas.xmlsoap.org/ws/2005/02/rm/SequenceAcknowledgement </actionMapping> <!-- For interopability purposes. Some WSRM implementations tend to send this as the LastMessage --> <actionMapping>http://schemas.xmlsoap.org/ws/2005/02/rm/LastMessage </actionMapping> <!-- namespaces for the 2007-02 spec --> <actionMapping> http://docs.oasis-open.org/ws-rx/wsrm/200702/SequenceAcknowledgement </actionMapping> <actionMapping>http://docs.oasis-open.org/ws-rx/wsrm/200702/fault </actionMapping> <actionMapping>http://docs.oasis-open.org/ws-rx/wsrm/200702/AckRequested </actionMapping> <actionMapping>http://schemas.xmlsoap.org/ws/2005/02/rm/TerminateSequence </actionMapping> </operation> <operation name='Sandesha2OperationInOut' mep=' http://www.w3.org/2006/01/wsdl/in-out'> <messageReceiver class='org.apache.sandesha2.msgreceivers.RMMessageReceiver'/> <!-- namespaces for the 2005-02 spec --> <actionMapping>http://schemas.xmlsoap.org/ws/2005/02/rm/CreateSequence </actionMapping> <actionMapping>http://schemas.xmlsoap.org/ws/2005/02/rm/AckRequested </actionMapping> <!-- namespaces for the 2007-02 spec --> <actionMapping>http://docs.oasis-open.org/ws-rx/wsrm/200702/CreateSequence </actionMapping> <actionMapping>http://docs.oasis-open.org/ws-rx/wsrm/200702/CloseSequence </actionMapping> <actionMapping> http://docs.oasis-open.org/ws-rx/wsrm/200702/TerminateSequence </actionMapping> <actionMapping>http://docs.oasis-open.org/ws-rx/wsmc/200702/MakeConnection </actionMapping> </operation> <operation name='Sandesha2OperationOutOnly' mep=' http://www.w3.org/2006/01/wsdl/out-only'> <messageReceiver class='org.apache.sandesha2.msgreceivers.RMMessageReceiver'/> </operation> <operation name='Sandesha2OperationOutIn' mep=' http://www.w3.org/2006/01/wsdl/out-in'> <messageReceiver class='org.apache.sandesha2.msgreceivers.RMMessageReceiver'/> </operation> <operation name='Sandesha2OperationDuplicateInOnly' mep=' http://www.w3.org/2006/01/wsdl/in-only'> <messageReceiver class='org.apache.sandesha2.msgreceivers.RMMessageReceiver'/> </operation> <operation name='Sandesha2OperationDuplicateInOut' mep=' http://www.w3.org/2006/01/wsdl/in-out'> <messageReceiver class='org.apache.sandesha2.msgreceivers.RMMessageReceiver'/> </operation> <supported-policy-namespaces namespaces=' http://ws.apache.org/sandesha2/policy' /> <wsp:Policy xmlns:wsp='http://schemas.xmlsoap.org/ws/2004/09/policy' xmlns:wsu=' http://docs.oasis-open.org/wss/2004/01/oasis-200401-wss-wssecurity-utility-1.0.xsd ' xmlns:sandesha2='http://ws.apache.org/sandesha2/policy' wsu:Id='RMPolicy'> <sandesha2:RMAssertion> <wsp:Policy> <sandesha2:AcknowledgementInterval>3000</sandesha2:AcknowledgementInterval> <sandesha2:RetransmissionInterval>6000</sandesha2:RetransmissionInterval> <!-- '-1' conveys that there is no limit to the max. number of retransmissions.--> <sandesha2:MaximumRetransmissionCount>10</sandesha2:MaximumRetransmissionCount> <sandesha2:ExponentialBackoff>false</sandesha2:ExponentialBackoff> <sandesha2:InactivityTimeout>60</sandesha2:InactivityTimeout> <sandesha2:InactivityTimeoutMeasure>seconds</sandesha2:InactivityTimeoutMeasure> <!-- Once a sequence has been marked as deleted; or timed out; this is the length of time that the sequence will remain before all sequence state is totally removed --> <sandesha2:SequenceRemovalTimeout>600</sandesha2:SequenceRemovalTimeout> <sandesha2:SequenceRemovalTimeoutMeasure>seconds</sandesha2:SequenceRemovalTimeoutMeasure> <sandesha2:InvokeInOrder>true</sandesha2:InvokeInOrder> <!-- These will not be overriden by service level policies --> <sandesha2:MessageTypesToDrop>none</sandesha2:MessageTypesToDrop> <!-- This will not be overriden by service level policies --> <sandesha2:StorageManagers> <sandesha2:InMemoryStorageManager> org.apache.sandesha2.storage.inmemory.InMemoryStorageManager </sandesha2:InMemoryStorageManager> <sandesha2:PermanentStorageManager> org.apache.sandesha2.storage.inmemory.InMemoryStorageManager </sandesha2:PermanentStorageManager> </sandesha2:StorageManagers> <!-- This will not be overriden by service level policies --> <sandesha2:SecurityManager>org.apache.sandesha2.security.dummy.DummySecurityManager</sandesha2:SecurityManager> <sandesha2:ContextManager>org.apache.sandesha2.context.DummyContextManager</sandesha2:ContextManager> <sandesha2:MakeConnection> <sandesha2:Enabled>true</sandesha2:Enabled> <sandesha2:UseRMAnonURI>true</sandesha2:UseRMAnonURI> </sandesha2:MakeConnection> <!-- <sandesha2:UseMessageSerialization>true</sandesha2:UseMessageSerialization> --> <sandesha2:EnforceRM>false</sandesha2:EnforceRM> </wsp:Policy> </sandesha2:RMAssertion> </wsp:Policy> ‹ÛÛ <!-- Parameters that will be copied when creating related MessageContexts --> <parameter name='propertiesToCopyFromReferenceMessage' locked='false'>TransportURL;WSAddressingVersion;disableAddressingForOutMessages;rampartPolicy;RECV_RESULTS;PROXY</parameter> <parameter name='propertiesToCopyFromReferenceRequestMessage' locked='false'>WSAddressingVersion;RECV_RESULTS;rampartPolicy</parameter> </module> ====================================================== Thanks; Patrice --- On Tue; 8/18/09; Dave Parsons (JIRA) <jira@apache.org> wrote: From: Dave Parsons (JIRA) <jira@apache.org> Subject: [jira] Commented: (SANDESHA2-197) CreateSequence response is actually sent to the anonymous makeconnection url (i.e. http//:docs.oasis-open.org/..... ??? To: pnaubry@yahoo.com Date: Tuesday; August 18; 2009; 6:11 PM åÊ åÊ [ https://issues.apache.org/jira/browse/SANDESHA2-197?page=com.atlassian.jira.plugin.system.issuetabpanels:comment-tabpanel&focusedCommentId=12744580#action_12744580 ] Dave Parsons commented on SANDESHA2-197: ---------------------------------------- Hi; The default sandesha2-1.3.mar doesn't have the following: <sandesha2:MakeConnection> åÊ åÊ åÊ åÊ <sandesha2:Enabled>true</sandesha2:Enabled> åÊ åÊ åÊ åÊ <sandesha2:UseRMAnonURI>true</sandesha2:UseRMAnonURI> </sandesha2:MakeConnection> as part of it's module.xml.åÊ These have to be set as part of your config. The Sandesha module has been deployed correctly as I can see that it processes the createSeq and tries to send a createSeqResponse. Regards; Dave Dave Parsons Web Services Development INTERNAL:åÊ David Parsons1/UK/IBM@IBMGB :: DE3F20 :: 246930 EXTERNAL:åÊ ParsonsD@uk.ibm.com :: (01962) 816930 Mail Point 211; IBM Hursley Park; Winchester. SO21 2JN From: 'patrice aubry (JIRA)' <jira@apache.org> To: sandesha-dev@ws.apache.org Date: 18/08/2009 16:08 Subject: [jira] Commented: (SANDESHA2-197) CreateSequence response is actually sent to the anonymous makeconnection url (i.e. http//:docs.oasis-open.org/..... ??? åÊ åÊ [ https://issues.apache.org/jira/browse/SANDESHA2-197?page=com.atlassian.jira.plugin.system.issuetabpanels:comment-tabpanel&focusedCommentId=12744539#action_12744539 ] patrice aubry commented on SANDESHA2-197: ----------------------------------------- Hello Dave; The trace I sent you shows that MakeConn is enabled (see axis2.log). I am using the default modules.xml in the sandesha.mar; which enables MakeConn. As to the services.xml; uncommenting the MakeConn policies has no effect; this is coherent since the modules.xml enables these. By the way; is RMPhase correctly positionned in the axis2 conf in the late documentation ? Can you run the client and the service as I sent them to you successfuly ? Or better yet; can you send me a simple service and client that runs successfullly under WS-RM 1.1åÊ with Axis2 1.4 or 1.5 ? Thanks in advance; Patrice --- On Tue; 8/18/09; Dave Parsons (JIRA) <jira@apache.org> wrote: From: Dave Parsons (JIRA) <jira@apache.org> Subject: [jira] Commented: (SANDESHA2-197) CreateSequence response is actually sent to the anonymous makeconnection url (i.e. http//:docs.oasis-open.org/..... ??? To: pnaubry@yahoo.com Date: Tuesday; August 18; 2009; 11:32 AM åÊ åÊ [ https://issues.apache.org/jira/browse/SANDESHA2-197?page=com.atlassian.jira.plugin.system.issuetabpanels:comment-tabpanel&focusedCommentId=12744432#action_12744432 ] Dave Parsons commented on SANDESHA2-197: ---------------------------------------- Hi; Your services.xml shows the makeConn enablement commented out; you should try uncommenting this.åÊ I haven't seen your module.xml so can't comment on that.åÊ If you can collect sandesha trace for your service I can get a better idea of what's going on.åÊ It's only an assumption that MakeConnection isn't enabled on your service and that's why you are seeing the behaviour you are. Regards; Dave Dave Parsons Web Services Development INTERNAL:åÊ David Parsons1/UK/IBM@IBMGB :: DE3F20 :: 246930 EXTERNAL:åÊ ParsonsD@uk.ibm.com :: (01962) 816930 Mail Point 211; IBM Hursley Park; Winchester. SO21 2JN From: 'patrice aubry (JIRA)' <jira@apache.org> To: sandesha-dev@ws.apache.org Date: 18/08/2009 08:39 Subject: [jira] Commented: (SANDESHA2-197) CreateSequence response is actually sent to the anonymous makeconnection url (i.e. http//:docs.oasis-open.org/..... ??? åÊ åÊ [ https://issues.apache.org/jira/browse/SANDESHA2-197?page=com.atlassian.jira.plugin.system.issuetabpanels:comment-tabpanel&focusedCommentId=12744399#action_12744399 ] patrice aubry commented on SANDESHA2-197: ----------------------------------------- Hello Dave; I'll try again; but the commented out code showed me that MakeConn is enabled; as specified in the module.xml policies. Do the client and service taht I sent work for you ? Thanks in advance; Patrice --- On Mon; 8/17/09; Dave Parsons (JIRA) <jira@apache.org> wrote: From: Dave Parsons (JIRA) <jira@apache.org> Subject: [jira] Commented: (SANDESHA2-197) CreateSequence response is actually sent to the anonymous makeconnection url (i.e. http//:docs.oasis-open.org/..... ??? To: pnaubry@yahoo.com Date: Monday; August 17; 2009; 6:44 PM åÊ åÊ [ https://issues.apache.org/jira/browse/SANDESHA2-197?page=com.atlassian.jira.plugin.system.issuetabpanels:comment-tabpanel&focusedCommentId=12744128#action_12744128 ] Dave Parsons commented on SANDESHA2-197: ---------------------------------------- Hi Patrice; The init method of your service is commented out.åÊ This says that it is used to disable MakeConn but currently the commented out code is setting it to true.åÊ Try enabling this so that when it is called MakeConn will be enabled.åÊ I think your seeing problems because MakeConn isn't enabled on your service. Regards; Dave Dave Parsons Web Services Development INTERNAL:åÊ David Parsons1/UK/IBM@IBMGB :: DE3F20 :: 246930 EXTERNAL:åÊ ParsonsD@uk.ibm.com :: (01962) 816930 Mail Point 211; IBM Hursley Park; Winchester. SO21 2JN From: 'patrice aubry (JIRA)' <jira@apache.org> To: sandesha-dev@ws.apache.org Date: 15/08/2009 09:12 Subject: [jira] Updated: (SANDESHA2-197) CreateSequence response is actually sent to the anonymous makeconnection url (i.e. http//:docs.oasis-open.org/..... ??? åÊ åÊåÊåÊ[ https://issues.apache.org/jira/browse/SANDESHA2-197?page=com.atlassian.jira.plugin.system.issuetabpanels:all-tabpanel ] patrice aubry updated SANDESHA2-197: ------------------------------------ åÊ åÊ Attachment: sandesha-issue.zip Hello Dave; The answer is yes to your questions. To check that v1.1 is engaged on the server side; I just checked the SandshaBean that MakeConnection was enabled and that UseRMAnonURI is true. I've attached a ZIP file containing the axis2 log; the service and client ; as well as the CreateSequence message (sent from the client) captured on TcpMon. I know that there is an issue with policy loading in Sandesha; but the MakeConnection policy seem to be loaded correctly. Thank you very much in advance; Patrice --- On Fri; 8/14/09; Dave Parsons (JIRA) <jira@apache.org> wrote: From: Dave Parsons (JIRA) <jira@apache.org> Subject: [jira] Commented: (SANDESHA2-197) CreateSequence response is actually sent to the anonymous makeconnection url (i.e. http//:docs.oasis-open.org/..... ??? To: pnaubry@yahoo.com Date: Friday; August 14; 2009; 11:48 AM åÊ åÊ [ https://issues.apache.org/jira/browse/SANDESHA2-197?page=com.atlassian.jira.plugin.system.issuetabpanels:comment-tabpanel&focusedCommentId=12743154#action_12743154 ] Dave Parsons commented on SANDESHA2-197: ---------------------------------------- Hi Patrice; Are you saying that the CreateSequenceResponse message is being sent asynchronously to the MC Anonymous address that is set in the replyTo & AcksTo of the createSequence message?åÊ Also just to confirm is your client and server both using Sandesha for RM and are they both set at the same version level of 1.1? If you want to send over the trace I can take a look and see if I can see anything out of the ordinary. Regards; Dave Dave Parsons Web Services Development INTERNAL:åÊ David Parsons1/UK/IBM@IBMGB :: DE3F20 :: 246930 EXTERNAL:åÊ ParsonsD@uk.ibm.com :: (01962) 816930 Mail Point 211; IBM Hursley Park; Winchester. SO21 2JN From: 'patrice aubry (JIRA)' <jira@apache.org> To: sandesha-dev@ws.apache.org Date: 13/08/2009 16:29 Subject: [jira] Created: (SANDESHA2-197) CreateSequence response is actually sent to the anonymous makeconnection url (i.e. http//:docs.oasis-open.org/..... ??? CreateSequence response is actually sent to the anonymous makeconnection url (i.e. http//:docs.oasis-open.org/..... ??? ----------------------------------------------------------------------------------------------------------------------- åÊ åÊ åÊ åÊ åÊ åÊ åÊ åÊåÊåÊKey: SANDESHA2-197 åÊ åÊ åÊ åÊ åÊ åÊ åÊ åÊåÊåÊURL: https://issues.apache.org/jira/browse/SANDESHA2-197 åÊ åÊ åÊ åÊ åÊ åÊåÊåÊProject: Sandesha2 åÊ åÊ åÊ åÊ åÊ Issue Type: Bug åÊ åÊ Affects Versions: 1.3 åÊ åÊ åÊ åÊåÊåÊEnvironment: Windows XP; Java 1.6; Axis 1.4; Tomcat 6 åÊ åÊ åÊ åÊ åÊ åÊ Reporter: patrice aubry åÊ åÊ åÊ åÊ åÊ åÊ Priority: Blocker This may not be a bug. I am testing the samples provided. The syncpingclient works fine (after a few updates) in W-RM 1.0 but not for WS-RM 1.1. When using WS-RM 1.1;åÊ the anonymous replyTo is not understood as such and is treated as an actual URL. When a CreateSequence message is sent; the response is of course never received; with an UnknownHostException. The debug log looks fine; in that the correct processing seems to take place. What am I missing ? Your help will be greatly appreciated. Thanks in advance; -- This message is automatically generated by JIRA. - You can reply to this email to add a comment to the issue online. --------------------------------------------------------------------- To unsubscribe; e-mail: sandesha-dev-unsubscribe@ws.apache.org For additional commands; e-mail: sandesha-dev-help@ws.apache.org Unless stated otherwise above: IBM United Kingdom Limited - Registered in England and Wales with number 741598. Registered office: PO Box 41; North Harbour; Portsmouth; Hampshire PO6 3AU -- This message is automatically generated by JIRA. - You can reply to this email to add a comment to the issue online. url (i.e. http//:docs.oasis-open.org/..... ??? ----------------------------------------------------------------------------------------------------------------------- a few updates) in W-RM 1.0 but not for WS-RM 1.1. and is treated as an actual URL. received; with an UnknownHostException. place. -- This message is automatically generated by JIRA. - You can reply to this email to add a comment to the issue online. --------------------------------------------------------------------- To unsubscribe; e-mail: sandesha-dev-unsubscribe@ws.apache.org For additional commands; e-mail: sandesha-dev-help@ws.apache.org Unless stated otherwise above: IBM United Kingdom Limited - Registered in England and Wales with number 741598. Registered office: PO Box 41; North Harbour; Portsmouth; Hampshire PO6 3AU -- This message is automatically generated by JIRA. - You can reply to this email to add a comment to the issue online. url (i.e. http//:docs.oasis-open.org/..... ??? ----------------------------------------------------------------------------------------------------------------------- a few updates) in W-RM 1.0 but not for WS-RM 1.1. and is treated as an actual URL. received; with an UnknownHostException. place. -- This message is automatically generated by JIRA. - You can reply to this email to add a comment to the issue online. --------------------------------------------------------------------- To unsubscribe; e-mail: sandesha-dev-unsubscribe@ws.apache.org For additional commands; e-mail: sandesha-dev-help@ws.apache.org Unless stated otherwise above: IBM United Kingdom Limited - Registered in England and Wales with number 741598. Registered office: PO Box 41; North Harbour; Portsmouth; Hampshire PO6 3AU -- This message is automatically generated by JIRA. - You can reply to this email to add a comment to the issue online. url (i.e. http//:docs.oasis-open.org/..... ??? ----------------------------------------------------------------------------------------------------------------------- a few updates) in W-RM 1.0 but not for WS-RM 1.1. and is treated as an actual URL. received; with an UnknownHostException. place. -- This message is automatically generated by JIRA. - You can reply to this email to add a comment to the issue online. --------------------------------------------------------------------- To unsubscribe; e-mail: sandesha-dev-unsubscribe@ws.apache.org For additional commands; e-mail: sandesha-dev-help@ws.apache.org Unless stated otherwise above: IBM United Kingdom Limited - Registered in England and Wales with number 741598. Registered office: PO Box 41; North Harbour; Portsmouth; Hampshire PO6 3AU -- This message is automatically generated by JIRA. - You can reply to this email to add a comment to the issue online. url (i.e. http//:docs.oasis-open.org/..... ??? ----------------------------------------------------------------------------------------------------------------------- a few updates) in W-RM 1.0 but not for WS-RM 1.1. and is treated as an actual URL. received; with an UnknownHostException. place. -- This message is automatically generated by JIRA. - You can reply to this email to add a comment to the issue online. --------------------------------------------------------------------- To unsubscribe; e-mail: sandesha-dev-unsubscribe@ws.apache.org For additional commands; e-mail: sandesha-dev-help@ws.apache.org Unless stated otherwise above: IBM United Kingdom Limited - Registered in England and Wales with number 741598. Registered office: PO Box 41; North Harbour; Portsmouth; Hampshire PO6 3AU -- This message is automatically generated by JIRA. - You can reply to this email to add a comment to the issue online. url (i.e. http//:docs.oasis-open.org/..... ??? ----------------------------------------------------------------------------------------------------------------------- a few updates) in W-RM 1.0 but not for WS-RM 1.1. and is treated as an actual URL. received; with an UnknownHostException. place. -- This message is automatically generated by JIRA. - You can reply to this email to add a comment to the issue online. --------------------------------------------------------------------- To unsubscribe; e-mail: sandesha-dev-unsubscribe@ws.apache.org For additional commands; e-mail: sandesha-dev-help@ws.apache.org Unless stated otherwise above: IBM United Kingdom Limited - Registered in England and Wales with number 741598. Registered office: PO Box 41; North Harbour; Portsmouth; Hampshire PO6 3AU -- This message is automatically generated by JIRA. - You can reply to this email to add a comment to the issue online. url (i.e. http//:docs.oasis-open.org/..... ??? ----------------------------------------------------------------------------------------------------------------------- a few updates) in W-RM 1.0 but not for WS-RM 1.1. and is treated as an actual URL. received; with an UnknownHostException. place. -- This message is automatically generated by JIRA. - You can reply to this email to add a comment to the issue online. --------------------------------------------------------------------- To unsubscribe; e-mail: sandesha-dev-unsubscribe@ws.apache.org For additional commands; e-mail: sandesha-dev-help@ws.apache.org Unless stated otherwise above: IBM United Kingdom Limited - Registered in England and Wales with number 741598. Registered office: PO Box 41; North Harbour; Portsmouth; Hampshire PO6 3AU -- This message is automatically generated by JIRA. - You can reply to this email to add a comment to the issue online.,,,,,
59275,,,,,,,,Failure on profile 200 is expected and will be handled by SQOOP-731.,,,,,
10696,,,,,,,,Closing this issue. Please re-open if you have a testcase.,,,,,
60965,,,,,,,,Hoss; any interest in bring this patch forward to trunk?,,,,,
56124,,,,,,,,The problem is *not* really a bug in Struts but The problem is *not* really a bug in Struts but Bug #3534 of Catalina's Warp Connector; which causes the request's wrapped input stream to be closed to early. However; Strut's shouldn't work on as nothing has happened but should throw an exception to clearly indicate the error. Otherwise it is really hard to track down any problem related with invalid data of an submitted multipart form. åÊof Catalina's Warp Connector; which causes the request's wrapped input stream to be closed to early. However; Strut's shouldn't work on as nothing has happened but should throw an exception to clearly indicate the error. Otherwise it is really hard to track down any problem related with invalid data of an submitted multipart form.,,,,,
21977,,,x,,,,,How about my comment at the end? 'Also; I'm suspicious of the logic for handling parent markup containers in AutoLinkResolver. It uses 'if' instead of 'while.' What if the autolink was two levels up in the inheritance hierarchy? I think that it should walk the parent links until it finds a null; not just check the first one.',,,,,
15698,,,x,,,,,I believe this is an issue. I have an action saveAction which I want to chain to editAction whenever there is a validation error. This is often necessary because a JSP will be displayed which has dynamic content such as a selectable list of items. However; if editAction has validation support; it will never be executed (even if it would validate successfully).,,,,,
73133,,,,,,,,resolved.,,,,,
28338,,,,,,,,added fixVersion,,,,,
34335,,,,,,,,From today's IRC discussion: will drop out of M1 if not in place by May 8th.,,,,,
32084,,,,,,,,Closing because this has been in RESOLVED state for over one year; if it turns out to not be fixed please reopen.,,,,,
19241,,,,,,,,I applied the patch. I'll experiment soon with another approach whether a page is stateless based on the generation of a callback url to that page. If there is at least one callback url to a page then it is stateful. It will be tracked in a different ticket. The last patch will stay even if the new approach works because it is a good optimization.,,,,,
64316,,,,,,,,This bug was modified as part of a bulk update using the criteria... Marked ('Resolved' or 'Closed') and 'Fixed' Had no 'Fix Version' versions Was listed in the CHANGES.txt for 1.2 The Fix Version for all 39 issues found was set to 1.2; email notification was suppressed to prevent excessive email. For a list of all the issues modified; search jira comments for this (hopefully) unique string: 20080415hossman2,,,,,
61974,,,,,,,,bulk close for 3.4,,,,,
5721,,,,,,,,All of the components in the configuration get reset before parsing begins. This gives each component an opportunity to read features and properties from the configuration; and also to set its internals to the state it needs to be in before it is used by the configuration.,,,,,
46309,,,,,,,,committed,,,,,
17727,,,,,,,,Verified. I added the info to the RELEASE_NOTES file.,,,,,
33264,,,,,,,,Assign to 1.0 during tidy up prior to 1.1,,,,,
48151,,,,,,,,Duplicate of TAPESTRY-1988.,,,,,
42670,,,,,,,,add separate handling for webkit browser,,,,,
20803,,,,,,,,this will be tackled when we improve ajax; most likely in wicket.next or the version after that.,,,,,
13997,,,,,,,,Integrated in Struts2-JDK6 #573 (See https://builds.apache.org/job/Struts2-JDK6/573/) WW-3928 Rollbacks changes introduced with WW-2749 to allow work with mod_jk and so on (Revision 1415770) Result = SUCCESS lukaszlenart : Files : /struts/struts2/trunk/plugins/tiles/src/main/java/org/apache/struts2/tiles/StrutsTilesRequestContext.java,,,,,
16633,,,,,,,,This was fixed by having all the items in the action chain having their properties copied over to the new action.,,,,,
17394,,,,,,,,Andreas; I can see the benefit; but I'm not entirely sure how to do it. Perhaps you could provide a patch? David,,,,,
45983,,,,,,,,No longer required; solved with THRIFT-1366. There will be no D7 support.,,,,,
8980,,,,,,,,Added 'onRowInserted' callback to TreeTable; call it from TableBridge when a row is inserted; so far just using it to resize sizer bars.' C:/workspace/xap/codebase/src/xap/bridges/dojo/TableBridge.js C:/workspace/xap/codebase/src/xap/widgets/dojo/TreeTable.js åÊåÊåÊåÊSending workspace/xap/codebase/src/xap/bridges/dojo/TableBridge.js åÊåÊåÊåÊSending workspace/xap/codebase/src/xap/widgets/dojo/TreeTable.js åÊåÊåÊåÊTransmitting file data ... åÊåÊåÊåÊCommitted revision 534737.,,,,,
50449,,,,,,,,Does not occurs on Firefox or Curl. Probably a Chrome problem.,,,,,
56783,,,,,,,,This test is not appearing in the nightly build results. When it does (and is passing); I'll close this issue.,,,,,
18885,x,,,,,,,Thanks Sven!,,,,,
15560,,,,,,,,Since no additional information has been provided and we can't duplicate; I'm marking this resolved. Please reopen if you can provide additional information that helps us replicate the problem.,,,,,
11526,,,,,,,,Original reporter is not available. This report has now 'timed out'.,,,,,
60566,,,,,,,,[branch_4x commit] Michael McCandless http://svn.apache.org/viewvc?view=revision&revision=1390137 SOLR-3879: don't ship servlet-api*.jar,,,,,
45050,,,,,,,,Actually I think I already applied similar changes when doing the POI 3.6 upgrade in TIKA-353. Resolving as fixed.,,,,,
40844,,,,,,,,Looks like a user issue to me; two pages at the same time accessing probably the same session. There is not additional user feedbac on this issue. I am closing it now.,,,,,
26551,,,,,,,,used struts for 2 years now - no clue whether it has been fixed,,,,,
24246,x,,,,,,,Thanks Tom; sorry for the mess.,,,,,
4887,,x,,,,,,Patch Applied. Good Work Adrian!,,,,,
10314,,,,,,,,First I want to verify that Gretchen's fix >Additional Comments From Gretchen Chiaramonte 2003-09-22 20:04 ------- for this bug works for me as well using Xalan 2.6.0. Second; regarding: >Additional Comments From Igor Hersht 2003-08-12 22:59 ------- ... >If I recall correctly we had such discussion before. >We consider that as a wrong usage. >The correct method would be to create transformer and >to do multiple transformations like >transformer.transform(xmlSource;outputTarget); >transformer.transform(xmlSource;outputTarget); To help clarify what Gretchen has already implied; I believe that this doesn't complete the story. Xalan currently fails unneccessarily if 'xmlSource' is an XMLFilter chain headed by an XML source The XMLFilter chain should be reusable with only the source is refreshed. But at the end of the TransformerImpl.transformNode() call; the DTMManager is erased by the call to XPathContext.reset() as cited by Gretchen. This manager is what binds the XMLFilter to e.g. its stylesheet. Therefore; until this bug is repaired; the filter chain cannot be reused. That's a shame because I suspect that setting up the filter chain (eg reading the stylesheet from disk) is more work than constructing the transformer. In case it isn't obvious; a workaround re-creates the XMLFilter chain each time is it transformed. I did not find this bug report at first. Sorting out why I was getting a NullPointerException was a lot of work; partly because Xalan is built in to the JDK runtime but the 'endorsed' jar files are stored in common/endorsed under tomcat rather than JDK's endorsed (surprise ;-). In addition; Xalan has another bug in DTMManagerDefault.getDTM() (incorrectly returns the null this thread discusses) and one in TransformerImpl.run() (inappropriate throw calls). I will enter these as new bugs.,,,,,
71085,,,,,,,,Linked the API docs from the main navigation which completes this task for now.,,,,,
74032,,x,,,,,,Awesome. I actually did find two more non-code files - the readme docs in java/social-api/ and have added them as deletes to my client. Good to know it checks out with you though. Unless anybody objects I'll submit this relatively soon.,,,,,
18736,,,,,,,,You miss some logic: var e = Wicket.$(id); available++; if (e === null) { i.e. if there is an entry for a date picker in the DOM but there is no HTML element for it then the DOM entry is deleted too.,,,,,
12357,,,,x,,,,You are mixing runtimes. You must link _all_ executables with the same run- time library. For release; it's Multithreaded DLL; for debug; it's Debug Multithreaded DLL. Otherwise; bad things will happen when memory allocated from one heap is freed in another. I rebuilt your code with the appropriate setting; and everything worked fine. See the project settings dialog box; C/C++ tab; and the 'Code generation' category.,,,,,
50483,,,,,,,,Integrated in tapestry-trunk-freestyle #511 (See [https://builds.apache.org/job/tapestry-trunk-freestyle/511/]) åÊåÊåÊåÊTAP5-1628 minor rewording (javadoc only) bobharner : http://svn.apache.org/viewcvs.cgi/?root=Apache-SVN&view=rev&rev=1167084 Files : * /tapestry/tapestry5/trunk/tapestry-core/src/main/java/org/apache/tapestry5/corelib/base/AbstractField.java * /tapestry/tapestry5/trunk/tapestry-core/src/main/java/org/apache/tapestry5/corelib/components/Submit.java,,,,,
5784,,,x,,,,,This bug is 3 years old. Anybody looking to fix it?,,,,,
72474,,,,,,,,Closing all resolved issues due to a successful 1.0.0-incubating release,,,,,
46942,,,,,,,,Second shot at this one; in r760739.,,,,,
33049,,x,,,,,,This is now fixed!,,,,,
18037,,,,,,,,r499213. The API changed as described in previous comments; so that WSDLReader.readWSDL methods now return Description instead of DescriptionElement. This change included fixing some bugs in OMWSDLReader.parseSchemaImport that had not surfaced previously because the OM implementation and test cases were only ever using DescriptionElement; but not Description.,,,,,
49357,,,,,,,,patches applied,,,,,
11834,,,x,,,,,Still happens to me. Steps to duplicate: 1. Start IE5.5 on Win2k - open java console from the 'view' menu. 2. Download xalan-j_2_2_D11.tar.gz to server. 3. tar xzf xalan-j_2_2_D11.tar.gz (extract to location on a webserver - for me this was /home/httpd/html) 4. navigate to http://SERVER/xalan- j_2_2_D11/samples/AppletXMLtoHTML/appletXMLtoHTML.html,,,,,
14371,,,,,,,,This is by design; as it allows us to support Velocity results; but only if the Velocity jars are available. The message is logged at DEBUG since most users won't have it enabled for development and certainly not for production.,,,,,
35420,,,,,,,,put backdoor cleanup v3.3 target,,,,,
20258,,,,,,,,By the way; from my point of view 'Resolution: Fixed Fix Version/s:1.4.16' is much more suitable here than 'Resolution: Cannot Reproduce',,,,,
16677,,,,,,,,Property editors may throw a PropertyException with a bundle key and this will then be localized in ActionSupport.,,,,,
23837,,,,,,,,Closing since Whirr was updated to jclouds 1.5.0 in WHIRR-659.,,,,,
45651,,,,,,,,Integrated in Thrift #533 (See https://builds.apache.org/job/Thrift/533/) Thrift-1701:node.js TBufferedTransport buffer corruption Patch: Marshall Roch fix buffer copy method calls (Revision 1389517) Result = SUCCESS,,,,,
47855,,x,,,,,,Great! I'm glad you found it helpful.,,,,,
74448,,,,,,,,Closing this one since it doesn't fit in with the current caja integration anymore.,,,,,
31064,,,,,,,,Closing resolved issues,,,,,
28741,,,,,,,,documentation needs updating,,,,,
611,,,x,,,,,Bug Flavio more? Seriously; discuss with Flavio and come up with a patch & test that is deterministic. Another option would be to refactor to allow the code in question to be tested as a true unit test; rather than as a system test (we need to work on that in general in ZK). Mockito?,,,,,
58251,,,,,,,,All third party repos are removed for released artifacts. The only exception is the metaxa engine which will be excluded from the release.,,,,,
37179,,,,,,,,Patch over 1.2.12.3 branch.,,,,,
10101,x,,,,,,,The attached stylesheet is an invalid XML document and there is also an invalid xpath expression. Please post all files required to reproduce this bug; including any extension java files. If you can simplify the stylesheet and java files; that will be great.,,,,,
71224,,,,,,,,Additional fixes in Rev. 737663 and fixing the jcrapp module in Rev. 737664 completes this issue.,,,,,
15914,,,,,x,,,Oppss... sorry late reply.... Thx for handling this issue Claus. I prefered it to be the way it is now; document this behaviour as Claus already did. I think there might be both behaviour have its particular usage; if we want to have a param that is a string; it makes sense to use <param>...</param>; anything in between that's enclosed with %{} will be evaluated and its toString() called. On the other hand; if we want an object; we could used the value attribute. I guess what i'm trying to say is that both way of using param have their own usage. Of course this is just my 2 cents,,,,,
36623,,x,,,,,,Reviewed and tested. Looks good so far; so I am closing this issue.,,,,,
58537,,,,,,,,Looks like STANBOL-258 describes the same Issue.,,,,,
24937,,,,,,,,Committed in rev 983396,,,,,
24531,,,,,,,,Changed the site to include the incubator disclaimer and incubator logo.,,,,,
61898,,,,,,,,bulk close for 3.4,,,,,
67301,x,x,,,,,,Very nice; thank you! Your pom works perfectly... I didn't think of adding the version tag there and ended up exporting * and then later add !org.w3c.dom and !javax.xml to prevent errors...,,,,,
18059,,,,,,,,This was probably fixed by WODEN-86 which introduced support for the curly brace syntax in the http location template. This JIRA can now be closed.,,,,,
2091,,,,,,,,Edited these issues to set the fix version.,,,,,